ID	Institute	HaemoSeq_species	HaemoSeq_serotype	SequenceType	beta_lactamase	AMP	AMP_MIC	group	Haplotype	perc_reads_mapped	coverage_mapped_reads	libID	Bioproject	AccessionNumber	BioSample
HLR-106	Lübeck	HI	NTHi	411	No	S	1	IIb	H10	86.60	374.56	HLR-106_lib43364	PRJEB72440	ERR12649759	SAMEA115183741
HLR-109	Lübeck	HI	NTHi	57	No	S	0.38	No non-synonymous substitution between AA 350-530	H7	85.13	539.46	HLR-109_lib43540	PRJEB72440	ERR12649760	SAMEA115183742
HLR-10	Lübeck	HI	NTHi	34	No	S	1	IIa	H13	91.76	325.95	HLR-10_lib43073	PRJEB72440	ERR12649761	SAMEA115183743
HLR-110	Lübeck	HI	NTHi	1034	No	R	2	IIb (+M377I)	H1	91.40	253.65	HLR-110_lib43541	PRJEB72440	ERR12649762	SAMEA115183744
HLR-111	Lübeck	HI	NTHi	203	No	R	1.5	IIa	H18	91.88	232.68	HLR-111_lib43542	PRJEB72440	ERR12649763	SAMEA115183745
HLR-112	Lübeck	HI	NTHi	203	No	R	3	IIa	H18	91.32	346.39	HLR-112_lib43543	PRJEB72440	ERR12649764	SAMEA115183746
HLR-118	Lübeck	HI	NTHi	107	No	R	2	III+	H19	87.54	279.06	HLR-118_lib43549	PRJEB72440	ERR12649765	SAMEA115183747
HLR-11	Lübeck	HI	NTHi	107	No	S	1	IIa	H2	90.35	279.75	HLR-11_lib43074	PRJEB72440	ERR12649766	SAMEA115183748
HLR-121	Lübeck	HI	NTHi	107	No	S	1	IIa	H2	91.24	266.71	HLR-121_lib43552	PRJEB72440	ERR12649767	SAMEA115183749
HLR-124	Lübeck	HI	NTHi	57	No	R	1.5	IIb	H28	84.52	344.50	HLR-124_lib43555	PRJEB72440	ERR12649768	SAMEA115183750
HLR-138	Lübeck	HI	NTHi	427	No	S	NA	No non-synonymous substitution between AA 350-530	NA	90.88	171.14	HLR-138_lib43656	PRJEB72440	ERR12649769	SAMEA115183751
HLR-13	Lübeck	HI	NTHi	949	No	R	1.5	IIc	H38	87.07	186.94	HLR-13_lib43076	PRJEB72440	ERR12649770	SAMEA115183752
HLR-154	Lübeck	HI	NTHi	142	No	R	1.5	IIa	H14	89.76	152.93	HLR-154_lib43800	PRJEB72440	ERR12649772	SAMEA115183754
HLR-155	Lübeck	HI	NTHi	1034	No	R	2	IIb (+M377I)	H1	91.25	129.58	HLR-155_lib43801	PRJEB72440	ERR12649773	SAMEA115183755
HLR-156	Lübeck	HI	NTHi	3	No	S	0.25	No non-synonymous substitution between AA 350-530	H3	85.25	114.97	HLR-156_lib43802	PRJEB72440	ERR12649774	SAMEA115183756
HLR-161	Lübeck	HI	NTHi	395	No	R	8	III+	H39	92.34	105.55	HLR-161_lib43807	PRJEB72440	ERR12649776	SAMEA115183758
HLR-162	Lübeck	HI	NTHi	14	No	R	2	IIb (+M377I)	H1	92.08	146.32	HLR-162_lib43808	PRJEB72440	ERR12649777	SAMEA115183759
HLR-169	Lübeck	HI	NTHi	692	No	S	NA	No non-synonymous substitution between AA 350-530	NA	89.63	213.83	HLR-169_lib43815	PRJEB72440	ERR12649778	SAMEA115183760
HLR-170	Lübeck	HI	NTHi	143	No	S	NA	No non-synonymous substitution between AA 350-530	NA	88.82	132.70	HLR-170_lib43816	PRJEB72440	ERR12649779	SAMEA115183761
HLR-172	Lübeck	HI	NTHi	159	No	S	NA	No non-synonymous substitution between AA 350-530	NA	92.98	105.16	HLR-172_lib43818	PRJEB72440	ERR12649781	SAMEA115183763
HLR-173	Lübeck	HI	NTHi	142	No	S	NA	No non-synonymous substitution between AA 350-530	NA	90.30	137.94	HLR-173_lib43819	PRJEB72440	ERR12649782	SAMEA115183764
HLR-175	Lübeck	HI	NTHi	12	No	S	NA	No non-synonymous substitution between AA 350-530	NA	91.00	133.59	HLR-175_lib43821	PRJEB72440	ERR12649783	SAMEA115183765
HLR-176	Lübeck	HI	NTHi	159	No	S	NA	No non-synonymous substitution between AA 350-530	NA	92.98	149.58	HLR-176_lib43822	PRJEB72440	ERR12649784	SAMEA115183766
HLR-177	Lübeck	HI	NTHi	210	No	S	NA	No non-synonymous substitution between AA 350-530	NA	86.42	170.16	HLR-177_lib43823	PRJEB72440	ERR12649785	SAMEA115183767
HLR-178	Lübeck	HI	Serotype b	6	No	S	NA	No non-synonymous substitution between AA 350-530	NA	89.02	157.58	HLR-178_lib43836	PRJEB72440	ERR12649786	SAMEA115183768
HLR-17	Lübeck	HI	NTHi	1218	No	R	1.5	I	H20	92.49	247.22	HLR-17_lib43275	PRJEB72440	ERR12649787	SAMEA115183769
HLR-180	Lübeck	HI	NTHi	262	No	S	NA	Miscellaneous (no group-specific mutation; A454V)	NA	91.32	184.35	HLR-180_lib43826	PRJEB72440	ERR12649788	SAMEA115183770
HLR-186	Lübeck	HI	NTHi	395	No	S	NA	No non-synonymous substitution between AA 350-530	NA	88.68	189.03	HLR-186_lib44310	PRJEB72440	ERR12649789	SAMEA115183771
HLR-189	Lübeck	HI	Serotype e	18	No	S	NA	Miscellaneous (no group-specific mutation; D350N)	NA	86.82	201.01	HLR-189_lib43835	PRJEB72440	ERR12649790	SAMEA115183772
HLR-191	Lübeck	HI	NTHi	155	No	S	NA	No non-synonymous substitution between AA 350-530	NA	92.45	170.15	HLR-191_lib43837	PRJEB72440	ERR12649791	SAMEA115183773
HLR-19	Lübeck	HI	NTHi	2823	No	S	0.75	IIc	H40	91.22	351.24	HLR-19_lib43277	PRJEB72440	ERR12649797	SAMEA115183779
HLR-1	Lübeck	HI	NTHi	107	No	R	1.5	IIa	H2	91.38	207.53	HLR-1_lib43064	PRJEB72440	ERR12649798	SAMEA115183780
HLR-22	Lübeck	HI	NTHi	34	No	S	1	IIa	H13	91.00	332.23	HLR-22_lib43280	PRJEB72440	ERR12649819	SAMEA115183801
HLR-27	Lübeck	HI	NTHi	1202	No	R	1.5	IId	H5	92.71	345.09	HLR-27_lib43285	PRJEB72440	ERR12649857	SAMEA115183839
HLR-29	Lübeck	HI	NTHi	160	No	S	NA	No non-synonymous substitution between AA 350-530	NA	92.67	263.30	HLR-29_lib43287	PRJEB72440	ERR12649871	SAMEA115183853
HLR-2	Lübeck	HI	NTHi	14	No	R	1.5	IIb (+M377I)	H1	91.89	255.40	HLR-2_lib43065	PRJEB72440	ERR12649872	SAMEA115183854
HLR-30	Lübeck	HI	NTHi	142	No	R	2	IIb (+M377I)	H6	89.91	270.91	HLR-30_lib43288	PRJEB72440	ERR12649881	SAMEA115183863
HLR-33	Lübeck	HI	NTHi	411	No	S	NA	IIb	NA	86.83	196.03	HLR-33_lib43291	PRJEB72440	ERR12649905	SAMEA115183887
HLR-35	Lübeck	HI	NTHi	1034	No	R	2	IIb (+M377I)	H1	90.92	352.07	HLR-35_lib43293	PRJEB72440	ERR12649926	SAMEA115183908
HLR-36	Lübeck	HI	NTHi	2824	No	R	1.5	IId	H29	88.58	375.70	HLR-36_lib43294	PRJEB72440	ERR12649937	SAMEA115183919
HLR-37	Lübeck	HI	NTHi	105	No	S	NA	No non-synonymous substitution between AA 350-530	NA	86.80	473.29	HLR-37_lib43295	PRJEB72440	ERR12649948	SAMEA115183930
HLR-38	Lübeck	HI	NTHi	367	No	R	1.5	IIb (+M377I)	H6	88.27	379.32	HLR-38_lib43296	PRJEB72440	ERR12649950	SAMEA115183932
HLR-40	Lübeck	HI	NTHi	834	No	R	2	IIb (+M377I)	H11	92.06	265.77	HLR-40_lib43298	PRJEB72440	ERR12649958	SAMEA115183940
HLR-44	Lübeck	HI	NTHi	1889	No	R	1.5	IIa	H2	90.71	262.88	HLR-44_lib43302	PRJEB72440	ERR12649977	SAMEA115183959
HLR-49	Lübeck	HI	NTHi	57	No	S	NA	No non-synonymous substitution between AA 350-530	NA	83.93	591.20	HLR-49_lib43307	PRJEB72440	ERR12650006	SAMEA115183988
HLR-50	Lübeck	HI	NTHi	395	No	R	1.5	IIb	H30	92.10	273.87	HLR-50_lib43308	PRJEB72440	ERR12650007	SAMEA115183989
HLR-53	Lübeck	HI	NTHi	1034	No	R	2	IIb (+M377I)	H1	91.41	314.98	HLR-53_lib43311	PRJEB72440	ERR12650009	SAMEA115183991
HLR-54	Lübeck	HI	NTHi	14	No	R	1.5	IIb (+M377I)	H1	91.85	249.76	HLR-54_lib43312	PRJEB72440	ERR12650010	SAMEA115183992
HLR-57	Lübeck	HI	NTHi	14	No	R	2	IIb (+M377I)	H1	91.91	269.01	HLR-57_lib43315	PRJEB72440	ERR12650012	SAMEA115183994
HLR-59	Lübeck	HI	NTHi	203	No	R	1.5	IIb (+M377I)	H12	91.30	356.17	HLR-59_lib43317	PRJEB72440	ERR12650013	SAMEA115183995
HLR-61	Lübeck	HI	NTHi	34	No	S	1	IIa	H13	90.75	683.14	HLR-61_lib43319	PRJEB72440	ERR12650014	SAMEA115183996
HLR-67	Lübeck	HI	NTHi	2814	No	R	4	IIb (+M377I)	H31	90.44	221.15	HLR-67_lib43325	PRJEB72440	ERR12650015	SAMEA115183997
HLR-68	Lübeck	HI	NTHi	183	No	S	1	IIc	H41	89.78	267.00	HLR-68_lib43326	PRJEB72440	ERR12650016	SAMEA115183998
HLR-71	Lübeck	HI	NTHi	98	No	R	1.5	IIb (+M377I)	H42	87.12	333.77	HLR-71_lib43329	PRJEB72440	ERR12650017	SAMEA115183999
HLR-75	Lübeck	HI	NTHi	395	No	R	2	IIb	H30	92.51	326.87	HLR-75_lib43333	PRJEB72440	ERR12650019	SAMEA115184001
HLR-76	Lübeck	HI	NTHi	1206	No	R	1.5	IIb (+M377I)	H1	91.56	286.16	HLR-76_lib43334	PRJEB72440	ERR12650020	SAMEA115184002
HLR-79	Lübeck	HI	NTHi	695	No	R	1.5	IId	H5	92.97	304.56	HLR-79_lib43337	PRJEB72440	ERR12650021	SAMEA115184003
HLR-82	Lübeck	HI	NTHi	1889	No	S	1	IIa	H2	91.12	316.80	HLR-82_lib43340	PRJEB72440	ERR12650022	SAMEA115184004
HLR-84	Lübeck	HI	NTHi	2825	No	S	1	IIb	H32	88.42	351.06	HLR-84_lib43342	PRJEB72440	ERR12650024	SAMEA115184006
HLR-85	Lübeck	HI	NTHi	107	No	R	1.5	III+	H19	88.52	478.95	HLR-85_lib43343	PRJEB72440	ERR12650025	SAMEA115184007
HLR-86	Lübeck	HI	NTHi	1034	No	R	3	IIb (+M377I)	H1	91.48	267.22	HLR-86_lib43344	PRJEB72440	ERR12650026	SAMEA115184008
HLR-8	Lübeck	HI	NTHi	165	No	R	2	IIb (+M377I)	H43	92.41	208.79	HLR-8_lib43071	PRJEB72440	ERR12650027	SAMEA115184009
HLR-90	Lübeck	HI	NTHi	57	No	R	1.5	IIa	H44	84.95	285.97	HLR-90_lib43348	PRJEB72440	ERR12650028	SAMEA115184010
HLR-93	Lübeck	HI	NTHi	259	No	S	1	IIb	H45	92.53	274.73	HLR-93_lib43351	PRJEB72440	ERR12650029	SAMEA115184011
HLR-95	Lübeck	HI	NTHi	203	No	R	1.5	IIb (+M377I)	H12	92.09	316.92	HLR-95_lib43353	PRJEB72440	ERR12650030	SAMEA115184012
HLR-97	Lübeck	HI	NTHi	14	No	R	2	IIb (+M377I)	H1	91.08	780.72	HLR-97_lib43355	PRJEB72440	ERR12650031	SAMEA115184013
HLR-99	Lübeck	HI	NTHi	1034	No	R	2	IIb (+M377I)	H1	91.85	333.68	HLR-99_lib43357	PRJEB72440	ERR12650032	SAMEA115184014
HLR-193	Lübeck	HI	NTHi	105	No	S	NA	No non-synonymous substitution between AA 350-530	NA	89.21	198.54	HLR-193_lib43839	PRJEB72440	ERR12649792	SAMEA115183774
HLR-195	Lübeck	HI	NTHi	11	No	S	NA	No non-synonymous substitution between AA 350-530	NA	89.02	178.84	HLR-195_lib43841	PRJEB72440	ERR12649793	SAMEA115183775
HLR-197	Lübeck	HI	NTHi	567	No	S	NA	Miscellaneous (no group-specific mutation; A429V)	NA	92.81	196.08	HLR-197_lib43843	PRJEB72440	ERR12649794	SAMEA115183776
HLR-198	Lübeck	HI	NTHi	395	No	R	2	IIa	H14	92.62	190.98	HLR-198_lib43844	PRJEB72440	ERR12649795	SAMEA115183777
HLR-199	Lübeck	HI	NTHi	57	No	S	0.38	No non-synonymous substitution between AA 350-530	H7	86.98	118.78	HLR-199_lib43845	PRJEB72440	ERR12649796	SAMEA115183778
HLR-200	Lübeck	HI	NTHi	147	No	S	0.38	No non-synonymous substitution between AA 350-530	H15	90.95	198.78	HLR-200_lib43846	PRJEB72440	ERR12649799	SAMEA115183781
HLR-201	Lübeck	HI	NTHi	992	No	S	NA	No non-synonymous substitution between AA 350-530	NA	89.01	178.52	HLR-201_lib43847	PRJEB72440	ERR12649800	SAMEA115183782
HLR-202	Lübeck	HI	NTHi	2153	No	R	1.5	IIb	H8	89.08	160.37	HLR-202_lib43848	PRJEB72440	ERR12649801	SAMEA115183783
HLR-203	Lübeck	HI	NTHi	176	No	S	0.19	No non-synonymous substitution between AA 350-530	H9	88.01	204.27	HLR-203_lib43849	PRJEB72440	ERR12649802	SAMEA115183784
HLR-205	Lübeck	HI	NTHi	2809	No	R	1.5	IId	H29	91.17	244.74	HLR-205_lib43851	PRJEB72440	ERR12649803	SAMEA115183785
HLR-206	Lübeck	HI	NTHi	380	No	S	1	IIa	H18	84.56	180.85	HLR-206_lib43852	PRJEB72440	ERR12649804	SAMEA115183786
HLR-210	Lübeck	HI	NTHi	411	No	S	0.75	IIb	H10	87.34	167.41	HLR-210_lib43855	PRJEB72440	ERR12649805	SAMEA115183787
HLR-212	Lübeck	HI	NTHi	196	No	S	0.38	IIb	H21	88.75	204.78	HLR-212_lib43857	PRJEB72440	ERR12649806	SAMEA115183788
HLR-213	Lübeck	HI	NTHi	2810	No	S	NA	No non-synonymous substitution between AA 350-530	NA	91.07	167.51	HLR-213_lib43858	PRJEB72440	ERR12649807	SAMEA115183789
HLR-218	Lübeck	HI	NTHi	41	No	S	NA	No non-synonymous substitution between AA 350-530	NA	92.17	182.09	HLR-218_lib43999	PRJEB72440	ERR12649808	SAMEA115183790
HLR-219	Lübeck	HI	NTHi	393	No	S	NA	No non-synonymous substitution between AA 350-530	NA	93.45	157.11	HLR-219_lib44000	PRJEB72440	ERR12649809	SAMEA115183791
HLR-220	Lübeck	HI	NTHi	932	No	S	NA	No non-synonymous substitution between AA 350-530	NA	88.09	159.10	HLR-220_lib44001	PRJEB72440	ERR12649810	SAMEA115183792
HLR-221	Lübeck	HI	NTHi	41	No	S	NA	No non-synonymous substitution between AA 350-530	NA	88.63	176.36	HLR-221_lib44002	PRJEB72440	ERR12649811	SAMEA115183793
HLR-223	Lübeck	HI	NTHi	1382	No	S	NA	Miscellaneous (no group-specific mutation; A437S)	NA	78.20	142.64	HLR-223_lib44004	PRJEB72440	ERR12649813	SAMEA115183795
HLR-226	Lübeck	HI	NTHi	57	No	S	NA	No non-synonymous substitution between AA 350-530	NA	82.51	137.44	HLR-226_lib44007	PRJEB72440	ERR12649815	SAMEA115183797
HLR-227	Lübeck	HI	NTHi	1202	No	R	1.5	IId	H5	92.91	209.07	HLR-227_lib44008	PRJEB72440	ERR12649816	SAMEA115183798
HLR-229	Lübeck	HI	NTHi	180	No	S	NA	No non-synonymous substitution between AA 350-530	NA	92.26	174.05	HLR-229_lib44010	PRJEB72440	ERR12649818	SAMEA115183800
HLR-230	Lübeck	HI	NTHi	1034	No	R	2	IIb (+M377I)	H1	91.30	150.93	HLR-230_lib44011	PRJEB72440	ERR12649820	SAMEA115183802
HLR-231	Lübeck	HI	NTHi	241	No	S	NA	No non-synonymous substitution between AA 350-530	NA	85.94	121.67	HLR-231_lib44012	PRJEB72440	ERR12649821	SAMEA115183803
HLR-232	Lübeck	HI	Serotype e	386	No	S	NA	IIc	NA	87.82	147.54	HLR-232_lib44309	PRJEB72440	ERR12649822	SAMEA115183804
HLR-235	Lübeck	HI	NTHi	914	No	R	2	IIb	H8	91.93	492.11	HLR-235_lib44016	PRJEB72440	ERR12649823	SAMEA115183805
HLR-236	Lübeck	HI	NTHi	159	No	S	NA	No non-synonymous substitution between AA 350-530	NA	90.74	177.62	HLR-236_lib44017	PRJEB72440	ERR12649824	SAMEA115183806
HLR-238	Lübeck	HI	NTHi	2330	No	S	1	IIa	H2	86.85	190.65	HLR-238_lib44019	PRJEB72440	ERR12649825	SAMEA115183807
HLR-239	Lübeck	HI	NTHi	431	No	S	NA	No non-synonymous substitution between AA 350-530	NA	89.37	193.46	HLR-239_lib44020	PRJEB72440	ERR12649826	SAMEA115183808
HLR-240	Lübeck	HI	NTHi	395	No	S	NA	No non-synonymous substitution between AA 350-530	NA	92.46	173.40	HLR-240_lib44021	PRJEB72440	ERR12649827	SAMEA115183809
HLR-241	Lübeck	HI	NTHi	267	No	S	NA	Miscellaneous (no group-specific mutation; A368T)	NA	89.52	165.32	HLR-241_lib44022	PRJEB72440	ERR12649828	SAMEA115183810
HLR-242	Lübeck	HI	NTHi	2822	No	S	NA	No non-synonymous substitution between AA 350-530	NA	93.08	144.40	HLR-242_lib44023	PRJEB72440	ERR12649829	SAMEA115183811
HLR-245	Lübeck	HI	NTHi	12	No	S	NA	No non-synonymous substitution between AA 350-530	NA	90.33	176.31	HLR-245_lib44026	PRJEB72440	ERR12649830	SAMEA115183812
HLR-246	Lübeck	HI	NTHi	11	No	S	NA	No non-synonymous substitution between AA 350-530	NA	88.09	167.95	HLR-246_lib44027	PRJEB72440	ERR12649831	SAMEA115183813
HLR-247	Lübeck	HI	NTHi	425	No	S	NA	Miscellaneous (no group-specific mutation; D350N)	NA	87.62	174.99	HLR-247_lib44028	PRJEB72440	ERR12649832	SAMEA115183814
HLR-248	Lübeck	HI	NTHi	12	No	R	2	IIa	H46	90.14	171.57	HLR-248_lib44029	PRJEB72440	ERR12649833	SAMEA115183815
HLR-249	Lübeck	HI	NTHi	648	No	S	NA	No non-synonymous substitution between AA 350-530	NA	92.82	208.97	HLR-249_lib44030	PRJEB72440	ERR12649834	SAMEA115183816
HLR-250	Lübeck	HI	NTHi	180	No	S	NA	No non-synonymous substitution between AA 350-530	NA	92.16	202.88	HLR-250_lib44031	PRJEB72440	ERR12649835	SAMEA115183817
HLR-251	Lübeck	HI	NTHi	267	No	S	NA	Miscellaneous (no group-specific mutation; A368T)	NA	91.43	242.16	HLR-251_lib44032	PRJEB72440	ERR12649836	SAMEA115183818
HLR-252	Lübeck	HI	NTHi	12	No	S	NA	No non-synonymous substitution between AA 350-530	NA	89.93	197.43	HLR-252_lib44033	PRJEB72440	ERR12649837	SAMEA115183819
HLR-253	Lübeck	HI	NTHi	107	No	S	NA	IIa	NA	90.03	165.52	HLR-253_lib44034	PRJEB72440	ERR12649838	SAMEA115183820
HLR-254	Lübeck	HI	NTHi	New	No	S	NA	Miscellaneous (no group-specific mutation; A437S; D350N)	NA	76.30	128.63	HLR-254_lib44035	PRJEB72440	ERR12649839	SAMEA115183821
HLR-255	Lübeck	HI	NTHi	34	No	S	NA	No non-synonymous substitution between AA 350-530	NA	91.81	178.85	HLR-255_lib44036	PRJEB72440	ERR12649840	SAMEA115183822
HLR-256	Lübeck	HI	NTHi	2811	No	S	NA	No non-synonymous substitution between AA 350-530	NA	90.26	133.39	HLR-256_lib44037	PRJEB72440	ERR12649841	SAMEA115183823
HLR-257	Lübeck	HI	NTHi	3	No	S	NA	No non-synonymous substitution between AA 350-530	NA	82.53	137.01	HLR-257_lib44038	PRJEB72440	ERR12649842	SAMEA115183824
HLR-259	Lübeck	HI	NTHi	2031	No	R	2	III-like	H47	88.23	118.22	HLR-259_lib44040	PRJEB72440	ERR12649843	SAMEA115183825
HLR-260	Lübeck	HI	NTHi	139	No	S	NA	No non-synonymous substitution between AA 350-530	NA	87.42	146.80	HLR-260_lib44041	PRJEB72440	ERR12649845	SAMEA115183827
HLR-261	Lübeck	HI	NTHi	411	No	S	NA	IIb	NA	86.11	121.76	HLR-261_lib44042	PRJEB72440	ERR12649846	SAMEA115183828
HLR-262	Lübeck	HI	NTHi	560	No	S	NA	No non-synonymous substitution between AA 350-530	NA	92.49	124.03	HLR-262_lib44043	PRJEB72440	ERR12649847	SAMEA115183829
HLR-271	Würzburg	HI	NTHi	367	No	S	1	IIb (+M377I)	H6	87.76	221.81	HLR-271_lib46935	PRJEB72440	ERR12649848	SAMEA115183830
HLR-272	Würzburg	HI	NTHi	107	No	S	1	IIa	H2	90.71	157.97	HLR-272_lib46936	PRJEB72440	ERR12649849	SAMEA115183831
HLR-274	Würzburg	HI	NTHi	12	No	R	3	IIb (+M377I)	H22	89.95	202.69	HLR-274_lib46938	PRJEB72440	ERR12649851	SAMEA115183833
HLR-275	Würzburg	HI	NTHi	1214	No	R	4	IIa	H48	87.82	192.49	HLR-275_lib46939	PRJEB72440	ERR12649852	SAMEA115183834
HLR-276	Würzburg	HI	NTHi	183	No	R	2	IIc	H49	88.66	202.65	HLR-276_lib46940	PRJEB72440	ERR12649853	SAMEA115183835
HLR-277	Würzburg	HI	NTHi	1881	No	R	1.5	IIb (+M377I)	H11	91.61	206.96	HLR-277_lib46941	PRJEB72440	ERR12649854	SAMEA115183836
HLR-278	Würzburg	HI	NTHi	1202	No	S	1	IId	H5	92.01	156.40	HLR-278_lib46942	PRJEB72440	ERR12649855	SAMEA115183837
HLR-279	Würzburg	HI	NTHi	1	No	R	1.5	III+	H50	89.99	176.12	HLR-279_lib46943	PRJEB72440	ERR12649856	SAMEA115183838
HLR-280	Würzburg	HI	NTHi	14	No	R	2	IIb (+M377I)	H1	91.65	189.70	HLR-280_lib46944	PRJEB72440	ERR12649858	SAMEA115183840
HLR-281	Würzburg	HI	NTHi	950	No	S	0.75	IIc	H51	84.57	182.01	HLR-281_lib46945	PRJEB72440	ERR12649859	SAMEA115183841
HLR-282	Würzburg	HI	NTHi	804	No	S	0.25	No non-synonymous substitution between AA 350-530	H52	91.07	195.94	HLR-282_lib46946	PRJEB72440	ERR12649860	SAMEA115183842
HLR-283	Würzburg	HI	NTHi	41	No	S	0.38	No non-synonymous substitution between AA 350-530	H53	89.05	136.72	HLR-283_lib46947	PRJEB72440	ERR12649861	SAMEA115183843
HLR-285	Würzburg	HI	NTHi	107	No	S	0.75	IIa	H2	90.82	204.09	HLR-285_lib46949	PRJEB72440	ERR12649862	SAMEA115183844
HLR-287	Würzburg	HI	NTHi	34	No	S	0.75	IIa	H13	91.31	137.27	HLR-287_lib46951	PRJEB72440	ERR12649863	SAMEA115183845
HLR-290	Würzburg	HI	NTHi	57	No	S	0.25	No non-synonymous substitution between AA 350-530	H7	81.53	166.68	HLR-290_lib46954	PRJEB72440	ERR12649865	SAMEA115183847
HLR-291	Würzburg	HI	NTHi	472	No	S	0.25	No non-synonymous substitution between AA 350-530	H16	91.90	220.52	HLR-291_lib46955	PRJEB72440	ERR12649866	SAMEA115183848
HLR-292	Würzburg	HI	NTHi	321	No	S	0.19	Miscellaneous (no group-specific mutation; A437S; D350N)	H33	83.66	135.70	HLR-292_lib46956	PRJEB72440	ERR12649867	SAMEA115183849
HLR-296	Würzburg	HI	NTHi	834	No	R	1.5	IIb (+M377I)	H11	89.19	201.18	HLR-296_lib46960	PRJEB72440	ERR12649868	SAMEA115183850
HLR-297	Würzburg	HI	NTHi	1889	No	S	0.75	IIa	H2	90.98	182.74	HLR-297_lib46961	PRJEB72440	ERR12649869	SAMEA115183851
HLR-299	Würzburg	HI	NTHi	142	No	S	1	IIa	H14	89.09	185.23	HLR-299_lib46963	PRJEB72440	ERR12649870	SAMEA115183852
HLR-300	Würzburg	HI	NTHi	196	No	R	1.5	IIb	H21	91.83	174.06	HLR-300_lib46964	PRJEB72440	ERR12649873	SAMEA115183855
HLR-302	Würzburg	HI	NTHi	836	No	R	8	IIb	H54	88.13	157.74	HLR-302_lib46966	PRJEB72440	ERR12649874	SAMEA115183856
HLR-303	Würzburg	HI	NTHi	2812	No	S	0.38	No non-synonymous substitution between AA 350-530	H16	91.84	182.33	HLR-303_lib46967	PRJEB72440	ERR12649875	SAMEA115183857
HLR-305	Würzburg	HI	NTHi	14	No	R	1.5	IIb (+M377I)	H1	91.61	196.27	HLR-305_lib46969	PRJEB72440	ERR12649877	SAMEA115183859
HLR-306	Würzburg	HI	NTHi	1889	No	S	1	IIa	H2	90.77	233.26	HLR-306_lib46970	PRJEB72440	ERR12649878	SAMEA115183860
HLR-307	Würzburg	HI	NTHi	1238	No	S	0.25	No non-synonymous substitution between AA 350-530	H9	87.95	233.34	HLR-307_lib46971	PRJEB72440	ERR12649879	SAMEA115183861
HLR-309	Würzburg	HI	NTHi	107	No	S	1	IIa	H2	90.78	224.51	HLR-309_lib46973	PRJEB72440	ERR12649880	SAMEA115183862
HLR-310	Würzburg	HI	NTHi	107	No	S	0.75	IIa	H2	88.96	206.26	HLR-310_lib46974	PRJEB72440	ERR12649882	SAMEA115183864
HLR-311	Würzburg	HI	NTHi	396	No	S	1	IId	H5	92.06	154.81	HLR-311_lib46975	PRJEB72440	ERR12649883	SAMEA115183865
HLR-313	Würzburg	HI	NTHi	367	No	S	0.75	IIb (+M377I)	H6	88.38	109.84	HLR-313_lib46977	PRJEB72440	ERR12649884	SAMEA115183866
HLR-314	Würzburg	HI	NTHi	1202	No	S	1	IId	H5	92.28	159.88	HLR-314_lib46978	PRJEB72440	ERR12649885	SAMEA115183867
HLR-315	Würzburg	HI	NTHi	No fucK	No	R	1.5	IIc	H55	87.34	112.79	HLR-315_lib46979	PRJEB72440	ERR12649886	SAMEA115183868
HLR-316	Würzburg	HI	NTHi	460	No	S	1	I	H23	93.72	103.84	HLR-316_lib46980	PRJEB72440	ERR12649887	SAMEA115183869
HLR-317	Würzburg	HI	NTHi	411	No	R	1.5	IIb	H10	86.33	169.91	HLR-317_lib46981	PRJEB72440	ERR12649888	SAMEA115183870
HLR-321	Würzburg	HI	NTHi	367	No	S	1	IIb (+M377I)	H6	88.23	137.83	HLR-321_lib46985	PRJEB72440	ERR12649889	SAMEA115183871
HLR-322	Würzburg	HI	NTHi	1202	No	R	1.5	IId	H5	92.51	147.90	HLR-322_lib46986	PRJEB72440	ERR12649890	SAMEA115183872
HLR-323	Würzburg	HI	NTHi	57	No	R	2	IIb (+M377I)	H24	85.07	141.45	HLR-323_lib46987	PRJEB72440	ERR12649891	SAMEA115183873
HLR-324	Würzburg	HI	NTHi	411	No	S	1	IIb	H10	86.75	135.52	HLR-324_lib46988	PRJEB72440	ERR12649892	SAMEA115183874
HLR-325	Würzburg	HI	NTHi	159	No	R	1.5	IIc	H56	89.79	130.42	HLR-325_lib46989	PRJEB72440	ERR12649893	SAMEA115183875
HLR-326	Würzburg	HI	NTHi	14	No	R	1.5	IIb (+M377I)	H1	91.88	154.93	HLR-326_lib46990	PRJEB72440	ERR12649894	SAMEA115183876
HLR-329	Würzburg	HI	Serotype f	124	No	S	0.25	Miscellaneous (no group-specific mutation; D350N)	H4	88.87	148.83	HLR-329_lib46993	PRJEB72440	ERR12649895	SAMEA115183877
HLR-331	Würzburg	HI	NTHi	367	No	S	1	IIb (+M377I)	H6	88.11	146.83	HLR-331_lib46995	PRJEB72440	ERR12649896	SAMEA115183878
HLR-332	Würzburg	HI	Serotype f	124	No	S	0.19	Miscellaneous (no group-specific mutation; D350N)	H4	89.38	155.03	HLR-332_lib46996	PRJEB72440	ERR12649897	SAMEA115183879
HLR-333	Würzburg	HI	NTHi	139	No	S	0.38	No non-synonymous substitution between AA 350-530	H3	89.45	138.57	HLR-333_lib46997	PRJEB72440	ERR12649898	SAMEA115183880
HLR-334	Würzburg	HI	NTHi	1066	No	S	0.19	No non-synonymous substitution between AA 350-530	H9	89.20	164.73	HLR-334_lib46998	PRJEB72440	ERR12649899	SAMEA115183881
HLR-335	Würzburg	HI	NTHi	33	No	R	3	III	H57	91.88	118.87	HLR-335_lib46999	PRJEB72440	ERR12649900	SAMEA115183882
HLR-336	Würzburg	HI	NTHi	351	No	S	0.25	No non-synonymous substitution between AA 350-530	H25	88.35	133.01	HLR-336_lib47000	PRJEB72440	ERR12649901	SAMEA115183883
HLR-337	Würzburg	HI	NTHi	478	No	S	0.5	No non-synonymous substitution between AA 350-530	H9	89.57	152.52	HLR-337_lib47001	PRJEB72440	ERR12649902	SAMEA115183884
HLR-338	Würzburg	HI	NTHi	203	No	S	0.25	No non-synonymous substitution between AA 350-530	H3	92.01	140.91	HLR-338_lib47002	PRJEB72440	ERR12649903	SAMEA115183885
HLR-339	Würzburg	HI	Serotype f	124	No	S	0.25	Miscellaneous (no group-specific mutation; D350N)	H4	89.56	104.17	HLR-339_lib47003	PRJEB72440	ERR12649904	SAMEA115183886
HLR-340	Würzburg	HI	NTHi	2111	No	S	0.38	No non-synonymous substitution between AA 350-530	H3	89.77	129.86	HLR-340_lib47004	PRJEB72440	ERR12649906	SAMEA115183888
HLR-341	Würzburg	HI	NTHi	12	No	S	0.25	No non-synonymous substitution between AA 350-530	H3	90.54	116.77	HLR-341_lib47005	PRJEB72440	ERR12649907	SAMEA115183889
HLR-342	Würzburg	HI	Serotype f	124	No	S	0.38	Miscellaneous (no group-specific mutation; D350N)	H4	89.46	119.29	HLR-342_lib47006	PRJEB72440	ERR12649908	SAMEA115183890
HLR-343	Würzburg	HI	NTHi	425	No	S	0.094	Miscellaneous (no group-specific mutation; D350N)	H34	87.47	115.35	HLR-343_lib47007	PRJEB72440	ERR12649909	SAMEA115183891
HLR-344	Würzburg	HI	NTHi	652	No	S	0.125	No non-synonymous substitution between AA 350-530	H25	92.20	139.22	HLR-344_lib47008	PRJEB72440	ERR12649910	SAMEA115183892
HLR-345	Würzburg	HI	Serotype f	124	No	S	0.38	Miscellaneous (no group-specific mutation; D350N)	H4	89.42	131.18	HLR-345_lib47009	PRJEB72440	ERR12649911	SAMEA115183893
HLR-346	Würzburg	HI	NTHi	199	No	S	0.19	No non-synonymous substitution between AA 350-530	H26	90.41	140.49	HLR-346_lib47010	PRJEB72440	ERR12649912	SAMEA115183894
HLR-347	Würzburg	HI	NTHi	3	No	S	0.25	No non-synonymous substitution between AA 350-530	H3	82.38	106.37	HLR-347_lib47011	PRJEB72440	ERR12649913	SAMEA115183895
HLR-348	Würzburg	HI	NTHi	107	No	S	0.5	IIa	H2	89.32	139.79	HLR-348_lib47012	PRJEB72440	ERR12649914	SAMEA115183896
HLR-349	Würzburg	HI	NTHi	180	No	S	0.25	No non-synonymous substitution between AA 350-530	H7	92.45	131.13	HLR-349_lib47013	PRJEB72440	ERR12649915	SAMEA115183897
HLR-351	Würzburg	HI	Serotype f	124	No	S	0.38	Miscellaneous (no group-specific mutation; D350N)	H4	89.33	112.34	HLR-351_lib47015	PRJEB72440	ERR12649917	SAMEA115183899
HLR-352	Würzburg	HI	NTHi	147	No	S	0.25	No non-synonymous substitution between AA 350-530	H15	90.44	122.06	HLR-352_lib47016	PRJEB72440	ERR12649918	SAMEA115183900
HLR-353	Würzburg	HI	NTHi	472	No	S	0.25	No non-synonymous substitution between AA 350-530	H16	92.18	115.05	HLR-353_lib47017	PRJEB72440	ERR12649919	SAMEA115183901
HLR-354	Würzburg	HI	NTHi	160	No	S	0.5	No non-synonymous substitution between AA 350-530	H3	90.37	142.77	HLR-354_lib47018	PRJEB72440	ERR12649920	SAMEA115183902
HLR-355	Würzburg	HI	NTHi	835	No	S	0.19	No non-synonymous substitution between AA 350-530	H26	87.43	147.01	HLR-355_lib47076	PRJEB72440	ERR12649921	SAMEA115183903
HLR-356	Würzburg	HI	NTHi	134	No	S	0.75	No non-synonymous substitution between AA 350-530	H17	89.79	208.85	HLR-356_lib47077	PRJEB72440	ERR12649922	SAMEA115183904
HLR-357	Würzburg	HI	Serotype f	973	No	S	0.38	Miscellaneous (no group-specific mutation; D350N)	H4	89.43	207.73	HLR-357_lib47078	PRJEB72440	ERR12649923	SAMEA115183905
HLR-358	Würzburg	HI	NTHi	567	No	S	0.25	No non-synonymous substitution between AA 350-530	H23	88.31	158.16	HLR-358_lib47079	PRJEB72440	ERR12649924	SAMEA115183906
HLR-359	Würzburg	HI	NTHi	472	No	S	0.38	No non-synonymous substitution between AA 350-530	H16	92.10	222.31	HLR-359_lib47080	PRJEB72440	ERR12649925	SAMEA115183907
HLR-360	Würzburg	HI	NTHi	142	No	S	0.38	No non-synonymous substitution between AA 350-530	H58	89.24	220.17	HLR-360_lib47081	PRJEB72440	ERR12649927	SAMEA115183909
HLR-361	Würzburg	HI	NTHi	716	No	S	0.094	No non-synonymous substitution between AA 350-530	H23	90.08	203.88	HLR-361_lib47082	PRJEB72440	ERR12649928	SAMEA115183910
HLR-362	Würzburg	HI	NTHi	145	No	S	0.38	No non-synonymous substitution between AA 350-530	H17	91.06	184.43	HLR-362_lib47083	PRJEB72440	ERR12649929	SAMEA115183911
HLR-363	Würzburg	HI	NTHi	12	No	S	0.25	No non-synonymous substitution between AA 350-530	H3	90.46	262.61	HLR-363_lib47084	PRJEB72440	ERR12649930	SAMEA115183912
HLR-364	Würzburg	HI	NTHi	145	No	S	0.5	No non-synonymous substitution between AA 350-530	H17	90.97	254.32	HLR-364_lib47085	PRJEB72440	ERR12649931	SAMEA115183913
HLR-365	Würzburg	HI	NTHi	597	No	S	0.25	No non-synonymous substitution between AA 350-530	H9	87.87	183.12	HLR-365_lib47086	PRJEB72440	ERR12649932	SAMEA115183914
HLR-366	Würzburg	HI	Serotype f	124	No	S	0.38	Miscellaneous (no group-specific mutation; D350N)	H4	89.69	199.26	HLR-366_lib47087	PRJEB72440	ERR12649933	SAMEA115183915
HLR-367	Würzburg	HI	Serotype e	386	No	S	0.25	Miscellaneous (no group-specific mutation; D350N)	H59	87.86	179.74	HLR-367_lib47088	PRJEB72440	ERR12649934	SAMEA115183916
HLR-368	Würzburg	HI	Serotype f	124	No	S	0.5	Miscellaneous (no group-specific mutation; D350N)	H4	89.44	253.79	HLR-368_lib47089	PRJEB72440	ERR12649935	SAMEA115183917
HLR-369	Würzburg	HI	NTHi	995	No	S	0.38	No non-synonymous substitution between AA 350-530	H60	82.77	219.45	HLR-369_lib47090	PRJEB72440	ERR12649936	SAMEA115183918
HLR-370	Würzburg	HI	NTHi	84	No	S	0.38	No non-synonymous substitution between AA 350-530	H7	85.56	274.29	HLR-370_lib47091	PRJEB72440	ERR12649938	SAMEA115183920
HLR-371	Würzburg	HI	Serotype f	124	No	S	0.25	Miscellaneous (no group-specific mutation; D350N)	H4	89.73	218.72	HLR-371_lib47092	PRJEB72440	ERR12649939	SAMEA115183921
HLR-372	Würzburg	HI	NTHi	12	No	S	0.38	No non-synonymous substitution between AA 350-530	H3	90.68	226.08	HLR-372_lib47093	PRJEB72440	ERR12649940	SAMEA115183922
HLR-373	Würzburg	HI	NTHi	835	No	S	0.19	No non-synonymous substitution between AA 350-530	H26	90.01	227.77	HLR-373_lib47094	PRJEB72440	ERR12649941	SAMEA115183923
HLR-374	Würzburg	HI	Serotype f	124	No	S	0.38	Miscellaneous (no group-specific mutation; D350N)	H4	89.74	260.31	HLR-374_lib47095	PRJEB72440	ERR12649942	SAMEA115183924
HLR-375	Würzburg	HI	NTHi	943	No	S	0.19	No non-synonymous substitution between AA 350-530	H35	84.15	199.94	HLR-375_lib47096	PRJEB72440	ERR12649943	SAMEA115183925
HLR-376	Würzburg	HI	NTHi	34	No	S	0.38	No non-synonymous substitution between AA 350-530	H36	90.96	334.34	HLR-376_lib47097	PRJEB72440	ERR12649944	SAMEA115183926
HLR-377	Würzburg	HI	Serotype f	1888	No	R	2	III+	H61	89.69	246.19	HLR-377_lib47098	PRJEB72440	ERR12649945	SAMEA115183927
HLR-378	Würzburg	HI	NTHi	1401	No	S	0.25	No non-synonymous substitution between AA 350-530	H62	88.62	208.09	HLR-378_lib47099	PRJEB72440	ERR12649946	SAMEA115183928
HLR-379	Würzburg	HI	NTHi	107	No	S	0.19	IIa	H2	91.33	304.83	HLR-379_lib47100	PRJEB72440	ERR12649947	SAMEA115183929
HLR-380	Würzburg	HI	NTHi	1002	No	R	6	III-like+	H63	91.55	304.00	HLR-380_lib47101	PRJEB72440	ERR12649949	SAMEA115183931
HLR-393	Würzburg	HI	NTHi	1034	No	S	1	IIb (+M377I)	H1	91.80	203.30	HLR-393_lib48046	PRJEB72440	ERR12649951	SAMEA115183933
HLR-398	Würzburg	HI	NTHi	203	No	R	1.5	IIb (+M377I)	H12	91.57	231.37	HLR-398_lib48051	PRJEB72440	ERR12649953	SAMEA115183935
HLR-404	Würzburg	HI	NTHi	12	No	R	3	IIb (+M377I)	H22	89.73	215.56	HLR-404_lib48054	PRJEB72440	ERR12649954	SAMEA115183936
HLR-405	Würzburg	HI	NTHi	203	No	S	1	IIb (+M377I)	H12	91.84	255.08	HLR-405_lib48085	PRJEB72440	ERR12649955	SAMEA115183937
HLR-406	Würzburg	HI	NTHi	422	No	S	0.75	IIb	H64	84.36	262.23	HLR-406_lib48086	PRJEB72440	ERR12649956	SAMEA115183938
HLR-409	Würzburg	HI	NTHi	1069	No	R	1.5	IIc	H65	88.30	118.79	HLR-409_lib48089	PRJEB72440	ERR12649957	SAMEA115183939
HLR-411	Würzburg	HI	NTHi	136	No	S	1	IIb (+M377I)	H6	88.48	187.83	HLR-411_lib48451	PRJEB72440	ERR12649959	SAMEA115183941
HLR-412	Würzburg	HI	NTHi	203	No	R	1.5	IIb (+M377I)	H6	91.70	238.26	HLR-412_lib48090	PRJEB72440	ERR12649960	SAMEA115183942
HLR-413	Würzburg	HI	NTHi	57	No	R	1.5	IIb (+M377I)	H24	82.54	224.93	HLR-413_lib48091	PRJEB72440	ERR12649961	SAMEA115183943
HLR-414	Würzburg	HI	NTHi	107	No	S	0.75	IIa	H2	91.04	229.33	HLR-414_lib48092	PRJEB72440	ERR12649962	SAMEA115183944
HLR-421	Würzburg	HI	NTHi	85	No	S	1	IIb	H66	91.64	220.10	HLR-421_lib48099	PRJEB72440	ERR12649963	SAMEA115183945
HLR-422	Würzburg	HI	NTHi	34	No	S	1	IIb	H67	91.07	157.69	HLR-422_lib48100	PRJEB72440	ERR12649964	SAMEA115183946
HLR-424	Würzburg	HI	NTHi	145	No	S	1	IIc	H68	88.81	198.83	HLR-424_lib48102	PRJEB72440	ERR12649966	SAMEA115183948
HLR-425	Würzburg	HI	NTHi	196	No	S	1	IIb	H21	88.64	179.77	HLR-425_lib48103	PRJEB72440	ERR12649967	SAMEA115183949
HLR-427	Würzburg	HI	NTHi	834	No	R	1.5	IIb (+M377I)	H11	89.41	195.47	HLR-427_lib48105	PRJEB72440	ERR12649968	SAMEA115183950
HLR-433	Würzburg	HI	NTHi	34	No	S	1	IIb (+M377I)	H24	90.90	225.91	HLR-433_lib48110	PRJEB72440	ERR12649969	SAMEA115183951
HLR-436	Würzburg	HI	NTHi	14	No	R	1.5	IIb (+M377I)	H1	92.26	171.74	HLR-436_lib48112	PRJEB72440	ERR12649970	SAMEA115183952
HLR-439	Würzburg	HI	NTHi	1461	No	S	1	IId	H5	92.59	237.87	HLR-439_lib48115	PRJEB72440	ERR12649972	SAMEA115183954
HLR-442	Würzburg	HI	NTHi	14	No	R	1.5	IIb (+M377I)	H1	91.57	245.57	HLR-442_lib48118	PRJEB72440	ERR12649973	SAMEA115183955
HLR-443	Würzburg	HI	NTHi	697	No	S	0.25	No non-synonymous substitution between AA 350-530	H15	88.27	284.71	HLR-443_lib48119	PRJEB72440	ERR12649974	SAMEA115183956
HLR-445	Würzburg	HI	NTHi	556	No	S	1	IIb (+M377I)	H31	92.20	193.28	HLR-445_lib48121	PRJEB72440	ERR12649975	SAMEA115183957
HLR-449	Würzburg	HI	NTHi	2111	No	S	0.25	No non-synonymous substitution between AA 350-530	H3	89.45	194.51	HLR-449_lib48124	PRJEB72440	ERR12649976	SAMEA115183958
HLR-450	Würzburg	HI	NTHi	597	No	S	0.19	No non-synonymous substitution between AA 350-530	H9	88.49	157.30	HLR-450_lib48125	PRJEB72440	ERR12649978	SAMEA115183960
HLR-451	Würzburg	HI	NTHi	145	No	S	0.25	No non-synonymous substitution between AA 350-530	H17	90.77	196.73	HLR-451_lib48126	PRJEB72440	ERR12649979	SAMEA115183961
HLR-459	Würzburg	HI	NTHi	107	No	S	0.5	IIa	H2	91.77	189.45	HLR-459_lib48128	PRJEB72440	ERR12649980	SAMEA115183962
HLR-460	Würzburg	HI	NTHi	107	No	S	0.5	IIa	H2	91.05	197.72	HLR-460_lib48129	PRJEB72440	ERR12649981	SAMEA115183963
HLR-461	Würzburg	HI	NTHi	396	No	S	0.75	IId	H5	91.22	273.26	HLR-461_lib48130	PRJEB72440	ERR12649982	SAMEA115183964
HLR-463	Würzburg	HI	NTHi	34	No	S	0.38	No non-synonymous substitution between AA 350-530	H36	91.56	260.90	HLR-463_lib48132	PRJEB72440	ERR12649983	SAMEA115183965
HLR-466	Würzburg	HI	NTHi	142	No	R	1.5	IIa	H14	89.18	228.02	HLR-466_lib48133	PRJEB72440	ERR12649984	SAMEA115183966
HLR-468	Würzburg	HI	NTHi	1889	No	S	1	IIa	H2	91.02	259.72	HLR-468_lib48135	PRJEB72440	ERR12649985	SAMEA115183967
HLR-470	Würzburg	HI	NTHi	1202	No	S	0.5	IId	H5	87.82	239.69	HLR-470_lib48137	PRJEB72440	ERR12649987	SAMEA115183969
HLR-472	Würzburg	HI	NTHi	349	bla-TEM truncated	S	0.38	Miscellaneous (no group-specific mutation; A437S; D350N)	H33	85.93	208.62	HLR-472_lib48139	PRJEB72440	ERR12649988	SAMEA115183970
HLR-474	Würzburg	HI	NTHi	253	No	S	1	IId	H5	91.92	242.54	HLR-474_lib48141	PRJEB72440	ERR12649989	SAMEA115183971
HLR-475	Würzburg	HI	NTHi	57	No	R	2	IIb	H28	84.73	227.54	HLR-475_lib48142	PRJEB72440	ERR12649990	SAMEA115183972
HLR-478	Würzburg	HI	NTHi	1177	No	R	2	IIb (+M377I)	H69	89.53	249.96	HLR-478_lib48143	PRJEB72440	ERR12649991	SAMEA115183973
HLR-479	Würzburg	HI	NTHi	422	No	R	1.5	IIb (+M377I)	H11	83.97	253.33	HLR-479_lib48144	PRJEB72440	ERR12649992	SAMEA115183974
HLR-481	Würzburg	HI	NTHi	14	No	R	2	IIb (+M377I)	H1	91.61	240.54	HLR-481_lib48146	PRJEB72440	ERR12649994	SAMEA115183976
HLR-483	Würzburg	HI	NTHi	2813	No	R	1.5	IIc	H70	88.69	192.75	HLR-483_lib48148	PRJEB72440	ERR12649996	SAMEA115183978
HLR-484	Würzburg	HI	NTHi	57	No	S	0.5	No non-synonymous substitution between AA 350-530	H7	85.22	233.16	HLR-484_lib48149	PRJEB72440	ERR12649997	SAMEA115183979
HLR-485	Würzburg	HI	NTHi	485	No	S	0.75	IIa	H2	91.00	250.74	HLR-485_lib48150	PRJEB72440	ERR12649998	SAMEA115183980
HLR-486	Würzburg	HI	NTHi	953	No	R	1.5	IIb	H71	87.76	207.43	HLR-486_lib48151	PRJEB72440	ERR12649999	SAMEA115183981
HLR-487	Würzburg	HI	NTHi	2825	No	R	1.5	IIb	H32	89.23	242.97	HLR-487_lib48152	PRJEB72440	ERR12650000	SAMEA115183982
HLR-488	Würzburg	HI	NTHi	2153	No	R	1.5	IIb	H8	87.58	228.85	HLR-488_lib48153	PRJEB72440	ERR12650001	SAMEA115183983
HLR-489	Würzburg	HI	NTHi	395	No	R	4	IIc	H72	92.09	246.92	HLR-489_lib48154	PRJEB72440	ERR12650002	SAMEA115183984
HLR-491	Würzburg	HI	NTHi	107	No	R	1.5	III+	H19	89.39	193.34	HLR-491_lib48452	PRJEB72440	ERR12650004	SAMEA115183986
HLR-492	Würzburg	HI	NTHi	411	No	S	0.5	IIb	H10	88.84	142.61	HLR-492_lib48453	PRJEB72440	ERR12650005	SAMEA115183987
HLR-493	Lisbon	HI	NTHi	914	No	S	1	IIb	H8	91.57	207.02	HLR-493_lib48454	PRJEB26586	ERR11588209	SAMEA113934208
HLR-495	Lisbon	HI	NTHi	12	bla-TEM truncated	S	0.5	IIb	H37	88.33	286.51	HLR-495_lib48456	PRJEB26586	ERR11588172	SAMEA113934209
HLR-496	Lisbon	HI	NTHi	14	No	S	1	IIb (+M377I)	H1	90.56	513.78	HLR-496_lib48457	PRJEB26586	ERR11588195	SAMEA113934210
HLR-500	Lisbon	HI	NTHi	107	No	S	1	IIa	H2	87.47	263.52	HLR-500_lib48430	PRJEB26586	ERR11588288	SAMEA113934214
HLR-501	Lisbon	HI	NTHi	12	No	S	1	IIb	H37	89.36	298.42	HLR-501_lib48431	PRJEB26586	ERR11588339	SAMEA113934215
HLR-506	Lisbon	HI	NTHi	1069	No	S	0.5	IIb (+M377I)	H73	88.63	326.65	HLR-506_lib48436	PRJEB26586	ERR11588168	SAMEA113934220
HLR-507	Lisbon	HI	NTHi	1025	No	R	2	IIc	H74	87.65	166.53	HLR-507_lib48437	PRJEB26586	ERR11588319	SAMEA113934221
HLR-509	Lisbon	HI	NTHi	425	No	S	0.25	Miscellaneous (no group-specific mutation; D350N)	H34	87.47	167.46	HLR-509_lib48439	PRJEB26586	ERR11588201	SAMEA113934223
HLR-511	Lisbon	HI	NTHi	367	No	R	2	IIb (+M377I)	H6	88.38	184.90	HLR-511_lib48441	PRJEB26586	ERR11588342	SAMEA113934225
HLR-512	Lisbon	HI	NTHi	84	No	R	2	IIc	H75	87.05	195.73	HLR-512_lib48442	PRJEB26586	ERR11588226	SAMEA113934226
HLR-516	Lisbon	HI	NTHi	720	No	S	0.06	No non-synonymous substitution between AA 350-530	H25	90.16	168.81	HLR-516_lib48446	PRJEB26586	ERR11588229	SAMEA113934230
HLR-517	Lisbon	HI	NTHi	1034	No	S	1	IIb (+M377I)	H1	92.13	279.97	HLR-517_lib48447	PRJEB26586	ERR11588200	SAMEA113934231
HLR-518	Lisbon	HI	NTHi	1217	No	S	0.125	No non-synonymous substitution between AA 350-530	H76	92.43	200.76	HLR-518_lib48448	PRJEB26586	ERR11588299	SAMEA113934232
HLR-519	Lisbon	HI	NTHi	1218	No	S	0.5	I	H20	92.43	251.58	HLR-519_lib48449	PRJEB26586	ERR11588265	SAMEA113934233
HLR-520	Lisbon	HI	Serotype b	6	No	S	1	IIb	H8	87.34	221.96	HLR-520_lib48450	PRJEB26586	ERR11588175	SAMEA113934234
HLR-521	Lisbon	HI	NTHi	398	No	S	0.5	No non-synonymous substitution between AA 350-530	H35	91.46	299.09	HLR-521_lib48466	PRJEB26586	ERR11588257	SAMEA113934235
HLR-523	Lisbon	HI	NTHi	1218	No	S	0.5	I	H20	83.44	185.64	HLR-523_lib48468	PRJEB26586	ERR11588204	SAMEA113934236
HLR-527	Lisbon	HI	NTHi	57	No	S	0.5	IIa	H77	77.66	137.16	HLR-527_lib48987	PRJEB26586	ERR11588179	SAMEA113934240
HLR-528	Lisbon	HI	NTHi	57	No	S	1	IIb (+M377I)	H78	84.43	105.66	HLR-528_lib48919	PRJEB26586	ERR11588173	SAMEA113934241
HLR-531	Lisbon	HI	NTHi	914	No	S	1	IIb	H8	88.88	208.86	HLR-531_lib48990	PRJEB26586	ERR11588284	SAMEA113934244
HLR-536	Lisbon	HI	NTHi	107	No	S	1	IIa	H2	88.89	125.93	HLR-536_lib48927	PRJEB26586	ERR11588268	SAMEA113934249
HLR-537	Lisbon	HI	NTHi	161	No	S	0.25	Miscellaneous (no group-specific mutation; V509I	H79	68.54	89.63	HLR-537_lib48928	PRJEB26586	ERR11588297	SAMEA113934250
HLR-539	Lisbon	HI	NTHi	1034	No	S	1	IIb (+M377I)	H1	91.73	165.83	HLR-539_lib48930	PRJEB26586	ERR11588185	SAMEA113934252
HLR-540	Lisbon	HI	NTHi	12	No	S	0.125	No non-synonymous substitution between AA 350-530	H3	90.87	107.25	HLR-540_lib48931	PRJEB26586	ERR11588214	SAMEA113934253
HLR-541	Lisbon	HI	Serotype b	6	No	S	0.125	No non-synonymous substitution between AA 350-530	H3	85.59	109.70	HLR-541_lib48932	PRJEB26586	ERR11588296	SAMEA113934254
HLR-542	Lisbon	HI	NTHi	12	No	S	0.5	IIb (+M377I)	H22	90.35	132.90	HLR-542_lib48933	PRJEB26586	ERR11588203	SAMEA113934255
HLR-543	Lisbon	HI	NTHi	367	No	S	1	IIb (+M377I)	H6	89.95	122.81	HLR-543_lib48992	PRJEB26586	ERR11588245	SAMEA113934256
HLR-544	Lisbon	HI	NTHi	367	No	S	1	IIb (+M377I)	H6	90.37	149.64	HLR-544_lib48993	PRJEB26586	ERR11588149	SAMEA113934257
HLR-545	Lisbon	HI	NTHi	485	No	S	1	IIa	H2	91.32	153.21	HLR-545_lib48936	PRJEB26586	ERR11588165	SAMEA113934258
HLR-549	Lisbon	HI	NTHi	201	No	R	>8	IIa	H2	85.77	163.90	HLR-549_lib48996	PRJEB26586	ERR11588208	SAMEA113934262
HLR-552	Lisbon	HI	NTHi	203	No	S	1	IIb (+M377I)	H12	89.98	177.25	HLR-552_lib48997	PRJEB26586	ERR11588197	SAMEA113934265
HLR-553	Lisbon	HI	NTHi	1034	No	S	1	IIb (+M377I)	H1	88.82	135.68	HLR-553_lib48998	PRJEB26586	ERR11588344	SAMEA113934266
HLR-554	Lisbon	HI	NTHi	12	No	S	1	No non-synonymous substitution between AA 350-530	H3	88.89	155.44	HLR-554_lib48999	PRJEB26586	ERR11588243	SAMEA113934267
HLR-557	Lisbon	HI	NTHi	3	No	R	>8	III-like+	H80	84.45	111.74	HLR-557_lib48948	PRJEB26586	ERR11588336	SAMEA113934270
HLR-559	Lisbon	HI	Serotype a	1352	No	S	1	No non-synonymous substitution between AA 350-530	H27	92.96	140.25	HLR-559_lib48950	PRJEB26586	ERR11588357	SAMEA113934272
HLR-560	Lisbon	HI	Serotype a	23	No	R	4	No non-synonymous substitution between AA 350-530	H27	93.58	126.94	HLR-560_lib48951	PRJEB26586	ERR11588310	SAMEA113934273
HLR-561	Lisbon	HI	Serotype f	124	No	S	0.125	Miscellaneous (no group-specific mutation; D350N)	H4	87.64	131.48	HLR-561_lib48952	PRJEB26586	ERR11588293	SAMEA113934274
HLR-562	Lisbon	HI	NTHi	11	No	S	1	IIc	H81	85.85	114.69	HLR-562_lib48953	PRJEB26586	ERR11588248	SAMEA113934275
HLR-563	Lisbon	HI	NTHi	12	No	S	0.06	No non-synonymous substitution between AA 350-530	H3	88.64	123.88	HLR-563_lib48954	PRJEB26586	ERR11588280	SAMEA113934276
HLR-565	Lisbon	HI	Serotype f	124	No	R	4	Miscellaneous (no group-specific mutation; D350N)	H4	89.11	95.92	HLR-565_lib48956	PRJEB26586	ERR11588329	SAMEA113934278
HLR-566	Lisbon	HI	Serotype a	23	No	S	0.25	No non-synonymous substitution between AA 350-530	H27	92.61	111.03	HLR-566_lib48957	PRJEB26586	ERR11588153	SAMEA113934279
HLR-568	Lisbon	HI	NTHi	262	No	S	1	IIc	H82	90.13	205.11	HLR-568_lib48460	PRJEB26586	ERR11588151	SAMEA113934281
HLR-569	Lisbon	HI	NTHi	925	No	S	0.5	IIc	H83	87.00	209.37	HLR-569_lib48461	PRJEB26586	ERR11588346	SAMEA113934282
HLR-571	Lisbon	HI	Serotype b	6	No	R	4	No non-synonymous substitution between AA 350-530	H3	90.86	237.23	HLR-571_lib48463	PRJEB26586	ERR11588266	SAMEA113934284
HLR-572	Lisbon	HI	NTHi	245	No	R	4	No non-synonymous substitution between AA 350-530	H15	88.27	280.74	HLR-572_lib48464	PRJEB26586	ERR11588267	SAMEA113934285
HLR-573	Lisbon	HI	Serotype f	124	No	S	0.25	Miscellaneous (no group-specific mutation; D350N)	H4	89.53	166.30	HLR-573_lib48465	PRJEB26586	ERR11588211	SAMEA113934286
HLR-152	Lübeck	HI	NTHi	2031	No	R	256	III-like	NA	87.39	246.14	HLR-152_lib43669	PRJEB72440	ERR12649771	SAMEA115183753
HLR-159	Lübeck	HI	NTHi	1034	No	R	1.5	IIb (+M377I)	NA	91.79	92.49	HLR-159_lib43805	PRJEB72440	ERR12649775	SAMEA115183757
HLR-171	Lübeck	HI	NTHi	159	No	S	NA	No non-synonymous substitution between AA 350-530	NA	92.88	145.20	HLR-171_lib43817	PRJEB72440	ERR12649780	SAMEA115183762
HLR-25	Lübeck	HI	NTHi	142	No	R	1.5	IIb (+M377I)	NA	89.12	421.13	HLR-25_lib43283	PRJEB72440	ERR12649844	SAMEA115183826
HLR-28	Lübeck	HI	NTHi	142	No	S	NA	No non-synonymous substitution between AA 350-530	NA	89.80	268.25	HLR-28_lib43286	PRJEB72440	ERR12649864	SAMEA115183846
HLR-46	Lübeck	HI	NTHi	1034	No	R	2	IIb (+M377I)	NA	91.80	266.64	HLR-46_lib43304	PRJEB72440	ERR12649986	SAMEA115183968
HLR-47	Lübeck	HI	NTHi	1034	No	R	2	IIb (+M377I)	NA	91.53	319.69	HLR-47_lib43305	PRJEB72440	ERR12649993	SAMEA115183975
HLR-48	Lübeck	HI	NTHi	203	No	R	1.5	IIb (+M377I)	NA	91.44	372.36	HLR-48_lib43306	PRJEB72440	ERR12650003	SAMEA115183985
HLR-51	Lübeck	HI	NTHi	395	No	R	1.5	IIb	NA	92.45	295.98	HLR-51_lib43309	PRJEB72440	ERR12650008	SAMEA115183990
HLR-56	Lübeck	HI	NTHi	14	No	R	2	IIb (+M377I)	NA	91.74	252.12	HLR-56_lib43314	PRJEB72440	ERR12650011	SAMEA115183993
HLR-72	Lübeck	HI	NTHi	57	No	S	1	IIa	NA	83.46	302.20	HLR-72_lib43330	PRJEB72440	ERR12650018	SAMEA115184000
HLR-83	Lübeck	HI	NTHi	1034	No	R	1.5	IIb (+M377I)	NA	91.22	355.70	HLR-83_lib43341	PRJEB72440	ERR12650023	SAMEA115184005
HLR-222	Lübeck	HI	NTHi	12	No	S	NA	No non-synonymous substitution between AA 350-530	NA	90.01	137.35	HLR-222_lib44003	PRJEB72440	ERR12649812	SAMEA115183794
HLR-225	Lübeck	HI	NTHi	2330	No	S	NA	IIa	NA	87.30	182.76	HLR-225_lib44006	PRJEB72440	ERR12649814	SAMEA115183796
HLR-228	Lübeck	HI	NTHi	1218	No	R	256	I	NA	91.37	183.33	HLR-228_lib44009	PRJEB72440	ERR12649817	SAMEA115183799
HLR-273	Würzburg	HI	NTHi	107	No	S	0.75	IIa	NA	91.09	89.23	HLR-273_lib46937	PRJEB72440	ERR12649850	SAMEA115183832
HLR-304	Würzburg	HI	NTHi	142	No	S	1	IIa	NA	88.92	185.91	HLR-304_lib46968	PRJEB72440	ERR12649876	SAMEA115183858
HLR-350	Würzburg	HI	NTHi	134	No	S	1	No non-synonymous substitution between AA 350-530	NA	88.94	132.05	HLR-350_lib47014	PRJEB72440	ERR12649916	SAMEA115183898
HLR-396	Würzburg	HI	NTHi	1034	No	R	1.5	IIb (+M377I)	NA	91.54	222.88	HLR-396_lib48049	PRJEB72440	ERR12649952	SAMEA115183934
HLR-423	Würzburg	HI	NTHi	1034	No	S	1	IIb (+M377I)	NA	91.69	205.43	HLR-423_lib48101	PRJEB72440	ERR12649965	SAMEA115183947
HLR-438	Würzburg	HI	NTHi	1034	No	R	1.5	IIb (+M377I)	NA	91.92	199.86	HLR-438_lib48114	PRJEB72440	ERR12649971	SAMEA115183953
HLR-482	Würzburg	HI	NTHi	1034	No	R	3	IIb (+M377I)	NA	91.27	322.09	HLR-482_lib48147	PRJEB72440	ERR12649995	SAMEA115183977
HLR-514	Lisbon	HI	NTHi	1034	No	S	1	IIb (+M377I)	NA	91.61	210.17	HLR-514_lib48444	PRJEB26586	ERR11588140	SAMEA113934228
HLR-535	Lisbon	HI	NTHi	107	No	S	0.5	IIa	NA	88.92	142.32	HLR-535_lib48926	PRJEB26586	ERR11588218	SAMEA113934248